{"cameraMode":{"drawMode":0,"name":"Shaded","section":"Shading Mode"},"sceneLighting":true,"audioPlay":false,"sceneViewState":{"showFog":true,"showMaterialUpdate":false,"showSkybox":true,"showFlares":true,"showImageEffects":true,"showParticleSystems":true,"showVisualEffectGraphs":true,"m_FxEnabled":true},"in2DMode":false,"pivot":{"x":-0.6309680938720703,"y":-0.35576820373535159,"z":-2.7437057495117189},"rotation":{"x":-0.5018285512924194,"y":0.05364793911576271,"z":-0.031199295073747636,"w":-0.8627787232398987},"size":10.23581600189209,"orthographic":false}